{"openapi":"3.0.3","info":{"title":"Signer Service","description":"Signer service exposes HTTP API for making and verifying digital signatures and proofs for Verifiable Credentials.","version":"1.0"},"servers":[{"url":"http://localhost:8085","description":"Signer Server"}],"paths":{"/liveness":{"get":{"tags":["health"],"summary":"Liveness health","operationId":"health#Liveness","responses":{"200":{"description":"OK response."}}}},"/readiness":{"get":{"tags":["health"],"summary":"Readiness health","operationId":"health#Readiness","responses":{"200":{"description":"OK response."}}}},"/v1/credential/proof":{"post":{"tags":["signer"],"summary":"Proof credential","description":"CredentialProof adds a proof to a given Verifiable Credential.","operationId":"signer#CredentialProof","requestBody":{"required":true,"content":{"application/json":{"schema":{"$ref":"#/components/schemas/CredentialProofRequestBody"},"example":{"credential":{"@context":["https://www.w3.org/2018/credentials/v1","https://w3id.org/security/suites/jws-2020/v1","https://schema.org"],"type": "VerifiableCredential","issuer": "did:web:nginx:policy:policy:example:example:1.0:evaluation","issuanceDate": "2010-01-01T19:23:24Z","credentialSubject":{"name":"Familyname","allow":true}},"key":"dataloft","namespace":"transit"}}}},"responses":{"200":{"description":"OK response.","content":{"application/json":{"schema":{"type":"string","example":"Ea quas praesentium voluptas occaecati est facere.","format":"binary"},"example":{"@context": ["https://www.w3.org/2018/credentials/v1","https://w3id.org/security/suites/jws-2020/v1","https://schema.org"],"credentialSubject": {"allow": true,"name": "Familyname"},"issuanceDate": "2010-01-01T19:23:24Z","issuer": "did:web:nginx:policy:policy:example:example:1.0:evaluation","proof": {"created": "2023-02-14T13:17:45.81990475Z","jws": "eyJhbGciOiJKc29uV2ViU2lnbmF0dXJlMjAyMCIsImI2NCI6ZmFsc2UsImNyaXQiOlsiYjY0Il19..MEQCIDrEWbTgGPgx0r0c5lp_4wAVxwY4_JmqBhlhLOQ2-d01AiBBrv-Je_JD4Ik6mvfgJpVA9-OV7umPiiobHyDFcMKxyg","proofPurpose": "assertionMethod","type": "JsonWebSignature2020","verificationMethod": "did:web:nginx:policy:policy:example:example:1.0:evaluation#dataloft"},"type": "VerifiableCredential"}}}}}}},"/v1/credential/verify":{"post":{"tags":["signer"],"summary":"Verify proofed credential","description":"VerifyCredential verifies the proof of a Verifiable Credential.","operationId":"signer#VerifyCredential","requestBody":{"description":"Verifiable Credential in JSON format.","required":true,"content":{"application/json":{"schema":{"type":"string","description":"Verifiable Credential in JSON format.","example":"VmVsIHBvcnJvIHF1aSBxdWlkZW0gdW5kZS4=","format":"binary"},"example":{
  "@context": [
    "https://www.w3.org/2018/credentials/v1",
    "https://w3id.org/security/suites/jws-2020/v1",
    "https://schema.org"
  ],
  "credentialSubject": {
    "allow": true,
    "name": "Familyname"
  },
  "issuanceDate": "2010-01-01T19:23:24Z",
  "issuer": "did:web:nginx:policy:policy:example:example:1.0:evaluation",
  "proof": {
    "created": "2023-02-15T07:28:18.966495129Z",
    "jws": "eyJhbGciOiJKc29uV2ViU2lnbmF0dXJlMjAyMCIsImI2NCI6ZmFsc2UsImNyaXQiOlsiYjY0Il19..MEYCIQD16p5qLQazddLPRNe_3Cq5X8Plp1mVTLbJFzL2VzRiRAIhAPVhUraQhImErp-p0d4bSJV0hywJ7IOxJs5vSYGdYSeH",
    "proofPurpose": "assertionMethod",
    "type": "JsonWebSignature2020",
    "verificationMethod": "did:web:nginx:policy:policy:example:example:1.0:evaluation#dataloft"
  },
  "type": "VerifiableCredential"
}
}}},"responses":{"200":{"description":"OK response.","content":{"application/json":{"schema":{"$ref":"#/components/schemas/VerifyResult"},"example":{"valid":true}}}}}}},"/v1/namespaces":{"get":{"tags":["signer"],"summary":"Get namespaces","description":"Namespaces returns all keys namespaces, which corresponds to enabled Vault transit engines.","operationId":"signer#Namespaces","responses":{"200":{"description":"OK response.","content":{"application/json":{"schema":{"type":"array","items":{"type":"string","example":"Optio quia ab ut quibusdam nemo ut."},"description":"List of available keys namespaces.","example":["Fugit rerum asperiores vitae rem soluta.","Odit optio commodi.","Architecto rem beatae mollitia amet id.","Aut accusantium sed aut."]},"example":["transit"]}}}}}},"/v1/namespaces/{namespace}/keys":{"get":{"tags":["signer"],"summary":"Get keys by namespace","description":"NamespaceKeys returns all keys in a given namespace.","operationId":"signer#NamespaceKeys","parameters":[{"name":"namespace","in":"path","description":"Namespace for signing keys.","required":true,"schema":{"type":"string","description":"Namespace for signing keys.","example":"transit"},"example":"transit"}],"responses":{"200":{"description":"OK response.","content":{"application/json":{"schema":{"type":"array","items":{"type":"string","example":"Facere quos corporis."},"description":"Array of key names in a given namespace.","example":["Key1","Key2"]},"example":["Key1","Key2"]}}}}}},"/v1/presentation":{"post":{"tags":["signer"],"summary":"Create proofed presentation","description":"Create proofed presentation creates VP with proof from raw JSON data.","operationId":"signer#CreatePresentation","requestBody":{"required":true,"content":{"application/json":{"schema":{"$ref":"#/components/schemas/CreatePresentationRequestBody"},"example":{
  "context": [
    "https://w3id.org/security/suites/jws-2020/v1",
    "https://schema.org"
  ],
  "data": [
    {
      "name": "Familyname"
    },
    {
      "firstname": "Firstname"
    },
    {
      "birthdate": "01.01.1900"
    },
    {
      "KVNr": "A666768690"
    }
  ],
  "issuer": "did:web:nginx:policy:policy:example:example:1.0:evaluation#dataloft",
  "key": "dataloft",
  "namespace": "transit"
}}}},"responses":{"200":{"description":"OK response.","content":{"application/json":{"schema":{"type":"string","example":"Molestiae id vitae vel.","format":"binary"},"example":"Eligendi incidunt architecto molestiae eveniet."}}}}}},"/v1/presentation/proof":{"post":{"tags":["signer"],"summary":"PresentationProof signer","description":"PresentationProof adds a proof to a given Verifiable Presentation.","operationId":"signer#PresentationProof","requestBody":{"required":true,"content":{"application/json":{"schema":{"$ref":"#/components/schemas/PresentationProofRequestBody"},"example":{
    "issuer": "did:web:nginx:policy:policy:example:example:1.0:evaluation#dataloft",
    "key": "dataloft",
    "namespace": "transit",
    "presentation": {
    "@context": [
      "https://www.w3.org/2018/credentials/v1",
      "https://w3id.org/security/suites/jws-2020/v1",
      "https://schema.org"
    ],
    "id": "did:web:nginx:policy:policy:example:example:1.0:evaluation#dataloft",
    "type": "VerifiablePresentation",
    "verifiableCredential": [
      {
        "@context": [
          "https://www.w3.org/2018/credentials/v1",
          "https://w3id.org/security/suites/jws-2020/v1",
          "https://schema.org"
        ],
        "credentialSubject": {
          "name": "Familyname"
        },
        "issuanceDate": "2023-02-15T07:44:27.921541966Z",
        "issuer": "did:web:nginx:policy:policy:example:example:1.0:evaluation#dataloft",
        "type": "VerifiableCredential"
      },
      {
        "@context": [
          "https://www.w3.org/2018/credentials/v1",
          "https://w3id.org/security/suites/jws-2020/v1",
          "https://schema.org"
        ],
        "credentialSubject": {
          "firstname": "Firstname"
        },
        "issuanceDate": "2023-02-15T07:44:27.921544549Z",
        "issuer": "did:web:nginx:policy:policy:example:example:1.0:evaluation#dataloft",
        "type": "VerifiableCredential"
      },
      {
        "@context": [
          "https://www.w3.org/2018/credentials/v1",
          "https://w3id.org/security/suites/jws-2020/v1",
          "https://schema.org"
        ],
        "credentialSubject": {
          "birthdate": "01.01.1900"
        },
        "issuanceDate": "2023-02-15T07:44:27.921545258Z",
        "issuer": "did:web:nginx:policy:policy:example:example:1.0:evaluation#dataloft",
        "type": "VerifiableCredential"
      },
      {
        "@context": [
          "https://www.w3.org/2018/credentials/v1",
          "https://w3id.org/security/suites/jws-2020/v1",
          "https://schema.org"
        ],
        "credentialSubject": {
          "KVNr": "A666768690"
        },
        "issuanceDate": "2023-02-15T07:44:27.921546049Z",
        "issuer": "did:web:nginx:policy:policy:example:example:1.0:evaluation#dataloft",
        "type": "VerifiableCredential"
      }
    ]
  }
  }}}},"responses":{"200":{"description":"OK response.","content":{"application/json":{"schema":{"type":"string","example":"Explicabo possimus ea.","format":"binary"},"example":"Quia et velit sit exercitationem."}}}}}},"/v1/presentation/verify":{"post":{"tags":["signer"],"summary":"Verify proofed presentation","description":"Verify proofed presentation verifies the proof of a Verifiable Presentation.","operationId":"signer#VerifyPresentation","requestBody":{"description":"Verifiable Presentation in JSON format.","required":true,"content":{"application/json":{"schema":{"type":"string","description":"Verifiable Presentation in JSON format.","example":"QXV0ZW0gcXVpIGNvbnNlcXVhdHVyIGV1bS4=","format":"binary"},"example":{
    "@context": [
      "https://www.w3.org/2018/credentials/v1",
      "https://w3id.org/security/suites/jws-2020/v1",
      "https://schema.org"
    ],
    "id": "did:web:nginx:policy:policy:example:example:1.0:evaluation#dataloft",
    "proof": {
      "created": "2023-02-15T07:41:29.564959925Z",
      "jws": "eyJhbGciOiJKc29uV2ViU2lnbmF0dXJlMjAyMCIsImI2NCI6ZmFsc2UsImNyaXQiOlsiYjY0Il19..MEQCIGj8MZzAW0Sc90VJHIhso0U2t1nc0IW__YDjfJyMeEP8AiB4-fdgIhZ6fmHuWnebN_5SKtPQoi6JdUSoc9cfpEwG1Q",
      "proofPurpose": "assertionMethod",
      "type": "JsonWebSignature2020",
      "verificationMethod": "did:web:nginx:policy:policy:example:example:1.0:evaluation#dataloft#dataloft"
    },
    "type": "VerifiablePresentation",
    "verifiableCredential": [
      {
        "@context": [
          "https://www.w3.org/2018/credentials/v1",
          "https://w3id.org/security/suites/jws-2020/v1",
          "https://schema.org"
        ],
        "credentialSubject": {
          "name": "Familyname"
        },
        "issuanceDate": "2023-02-15T07:41:29.560978675Z",
        "issuer": "did:web:nginx:policy:policy:example:example:1.0:evaluation#dataloft",
        "type": "VerifiableCredential"
      },
      {
        "@context": [
          "https://www.w3.org/2018/credentials/v1",
          "https://w3id.org/security/suites/jws-2020/v1",
          "https://schema.org"
        ],
        "credentialSubject": {
          "firstname": "Firstname"
        },
        "issuanceDate": "2023-02-15T07:41:29.560980884Z",
        "issuer": "did:web:nginx:policy:policy:example:example:1.0:evaluation#dataloft",
        "type": "VerifiableCredential"
      },
      {
        "@context": [
          "https://www.w3.org/2018/credentials/v1",
          "https://w3id.org/security/suites/jws-2020/v1",
          "https://schema.org"
        ],
        "credentialSubject": {
          "birthdate": "01.01.1900"
        },
        "issuanceDate": "2023-02-15T07:41:29.5609818Z",
        "issuer": "did:web:nginx:policy:policy:example:example:1.0:evaluation#dataloft",
        "type": "VerifiableCredential"
      },
      {
        "@context": [
          "https://www.w3.org/2018/credentials/v1",
          "https://w3id.org/security/suites/jws-2020/v1",
          "https://schema.org"
        ],
        "credentialSubject": {
          "KVNr": "A666768690"
        },
        "issuanceDate": "2023-02-15T07:41:29.560982634Z",
        "issuer": "did:web:nginx:policy:policy:example:example:1.0:evaluation#dataloft",
        "type": "VerifiableCredential"
      }
    ]
  }}}},"responses":{"200":{"description":"OK response.","content":{"application/json":{"schema":{"$ref":"#/components/schemas/VerifyResult"},"example":{"valid":false}}}}}}},"/v1/verification-methods/{namespace}/{did}":{"get":{"tags":["signer"],"summary":"VerificationMethods signer","description":"VerificationMethods returns all public keys in a given namespace. The result is formatted as array of DID verification methods with their controller attribute being the given DID in the request.","operationId":"signer#VerificationMethods","parameters":[{"name":"namespace","in":"path","description":"Keys namespace.","required":true,"schema":{"type":"string","description":"Keys namespace.","example":"transit"},"example":"transit"},{"name":"did","in":"path","description":"DID controller of the keys.","required":true,"schema":{"type":"string","description":"DID controller of the keys.","example":"did:web:example.com"},"example":"did:web:example.com"}],"responses":{"200":{"description":"OK response.","content":{"application/json":{"schema":{"type":"array","items":{"$ref":"#/components/schemas/DIDVerificationMethod"},"description":"Array of public keys represented as DID Verification Methods.","example":[{"controller":"did:web:example.com","id":"key1","publicKeyJwk":"Perspiciatis neque dolor.","type":"JsonWebKey2020"},{"controller":"did:web:example.com","id":"key1","publicKeyJwk":"Perspiciatis neque dolor.","type":"JsonWebKey2020"},{"controller":"did:web:example.com","id":"key1","publicKeyJwk":"Perspiciatis neque dolor.","type":"JsonWebKey2020"}]},"example":[{"controller":"did:web:example.com","id":"key1","publicKeyJwk":"Perspiciatis neque dolor.","type":"JsonWebKey2020"},{"controller":"did:web:example.com","id":"key1","publicKeyJwk":"Perspiciatis neque dolor.","type":"JsonWebKey2020"},{"controller":"did:web:example.com","id":"key1","publicKeyJwk":"Perspiciatis neque dolor.","type":"JsonWebKey2020"},{"controller":"did:web:example.com","id":"key1","publicKeyJwk":"Perspiciatis neque dolor.","type":"JsonWebKey2020"}]}}}}}},"/v1/verification-methods/{namespace}/{key}/{did}":{"get":{"tags":["signer"],"summary":"VerificationMethod signer","description":"VerificationMethod returns a single public key formatted as DID verification method for a given namespace, key and did.","operationId":"signer#VerificationMethod","parameters":[{"name":"namespace","in":"path","description":"Key namespace.","required":true,"schema":{"type":"string","description":"Key namespace.","example":"transit"},"example":"transit"},{"name":"key","in":"path","description":"Name of requested key.","required":true,"schema":{"type":"string","description":"Name of requested key.","example":"key1"},"example":"key1"},{"name":"did","in":"path","description":"DID controller of the key.","required":true,"schema":{"type":"string","description":"DID controller of the key.","example":"did:web:example.com"},"example":"did:web:example.com"}],"responses":{"200":{"description":"OK response.","content":{"application/json":{"schema":{"$ref":"#/components/schemas/DIDVerificationMethod"},"example":{"controller":"did:web:example.com","id":"key1","publicKeyJwk":"Est qui.","type":"JsonWebKey2020"}}}}}}}},"components":{"schemas":{"CreatePresentationRequestBody":{"type":"object","properties":{"context":{"type":"array","items":{"type":"string","example":"Corporis itaque eos dolorem doloremque quibusdam."},"description":"Additional JSONLD contexts to be specified in the VP.","example":["https://w3id.org/security/suites/jws-2020/v1","https://schema.org"]},"data":{"type":"array","items":{"type":"string","example":"Voluptas ut.","format":"binary"},"description":"Raw JSON to be included inside the VP as Verifiable Credential.","example":[{"hello":"world"},{"hola":"mundo"}]},"issuer":{"type":"string","description":"Issuer DID of the Verifiable Presentation.","example":"did:web:example.com"},"key":{"type":"string","description":"Key to use for the proof signature.","example":"key1"},"namespace":{"type":"string","description":"Key namespace.","example":"transit"}},"example":{"context":["https://w3id.org/security/suites/jws-2020/v1","https://schema.org"],"data":[{"hello":"world"},{"hola":"mundo"}],"issuer":"did:web:example.com","key":"key1","namespace":"transit"},"required":["issuer","namespace","key","data"]},"CredentialProofRequestBody":{"type":"object","properties":{"credential":{"type":"string","description":"Verifiable Credential in JSON format.","example":"Omnis architecto nobis vel id.","format":"binary"},"key":{"type":"string","description":"Key to use for the proof signature (optional).","example":"key1"},"namespace":{"type":"string","description":"Key namespace.","example":"transit"}},"example":{"credential":"Nam ea ducimus.","key":"key1","namespace":"transit"},"required":["namespace","key","credential"]},"DIDVerificationMethod":{"type":"object","properties":{"controller":{"type":"string","description":"Controller of verification method specified as DID.","example":"did:web:example.com"},"id":{"type":"string","description":"ID of verification method.","example":"key1"},"publicKeyJwk":{"type":"string","description":"Public Key encoded in JWK format.","example":"Praesentium nesciunt.","format":"binary"},"type":{"type":"string","description":"Type of verification method key.","example":"JsonWebKey2020"}},"description":"Public Key represented as DID Verification Method.","example":{"controller":"did:web:example.com","id":"key1","publicKeyJwk":"Laboriosam qui.","type":"JsonWebKey2020"},"required":["id","type","controller","publicKeyJwk"]},"PresentationProofRequestBody":{"type":"object","properties":{"issuer":{"type":"string","description":"Issuer DID used to specify proof verification info.","example":"Dolores velit."},"key":{"type":"string","description":"Key to use for the proof signature.","example":"key1"},"namespace":{"type":"string","description":"Key namespace.","example":"transit"},"presentation":{"type":"string","description":"Verifiable Presentation in JSON format.","example":"Tempore suscipit ut occaecati.","format":"binary"}},"example":{"issuer":"Ut dolor numquam et dolores.","key":"key1","namespace":"transit","presentation":"Neque blanditiis nostrum nihil consequuntur est."},"required":["issuer","namespace","key","presentation"]},"VerifyResult":{"type":"object","properties":{"valid":{"type":"boolean","description":"Valid specifies if the proof is successfully verified.","example":true}},"example":{"valid":false},"required":["valid"]}}},"tags":[{"name":"health","description":"Health service provides health check endpoints."},{"name":"signer","description":"Signer service makes digital signatures and proofs for verifiable credentials and presentations."}]}